epoch,test_kl,test_x,test_mof,test_y,test_loss,lcd-r2,lcd-MAE,pld-r2,pld-MAE,density-r2,density-MAE,agsa-r2,agsa-MAE,co2n2_co2_mol_kg-r2,co2n2_co2_mol_kg-MAE,co2n2_n2_mol_kg-r2,co2n2_n2_mol_kg-MAE,co2ch4_co2_mol_kg-r2,co2ch4_co2_mol_kg-MAE,co2ch4_ch4_mol_kg-r2,co2ch4_ch4_mol_kg-MAE,lr,位_x,位_kl,位_y,位_mof,train_kl,train_x,train_mof,train_y,train_loss,mof_acc,mean_r2,train_kl_ratio,train_x_ratio,train_mof_ratio,train_y_ratio,test_kl_ratio,test_x_ratio,test_mof_ratio,test_y_ratio
0,745.3080379779523,0.23353285514391386,13.84414870922382,0.31963857320638805,0.24098593483750635,0.9611020166096806,139.31016540527344,0.6923395315537026,288.6595764160156,0.9083303567298058,217.22633361816406,0.9613113977168605,122.15375518798828,0.8787167310880358,183.7843780517578,0.5488548989432211,269.9655456542969,0.5960257383554524,260.099365234375,0.5683396012021064,260.4461364746094,0.0005705023,1.0,1e-05,0.0,0.0,740.6208125488475,0.28601800084303747,9.889370875407897,5.79107505656844,0.29342420860330737,13.210456086990218,0.7643775340248582,0.025240617196317438,0.9747593840483603,0.0,0.0,0.030927449706992387,0.9690725531404228,0.0,0.0
1,262.6127155010517,0.10725589676831777,2.582863633449261,0.14686373793161833,0.16110831319999236,0.9984934411922933,29.862459182739258,0.9852983542756264,63.956321716308594,0.9985197794844003,29.407590866088867,0.9808838499026609,84.52338409423828,0.8933325487626262,168.9726104736328,0.9999389996749717,3.6405446529388428,0.9851152088142385,49.642120361328125,0.9943616718251408,30.451251983642578,0.0005705023,1.0,0.00019561446666666664,0.0009090909090909091,0.0009090909090909091,304.304103587294,0.15675175095135577,3.507279538880669,3.906572376439376,0.22301790237948357,66.79800664869383,0.9794929817414948,0.26691258545880164,0.7028662240963489,0.014296771292430066,0.015924414117587975,0.31885906606727304,0.6657378172358821,0.014574405267811771,0.0008287125994734223
2,157.68875320141132,0.06938626824949796,0.7526819665844624,0.13438773269836718,0.13111463547326052,0.9942199894110392,54.791011810302734,0.9999037348939546,5.8850274085998535,0.9855109855730774,86.27115631103516,0.9824542791690084,80.46918487548828,0.8638000817526913,191.17669677734375,0.9932423487274883,33.25612258911133,0.9593683378252774,81.95367431640625,0.9439587814660026,93.93220520019531,0.0005705023,1.0,0.0003812289333333333,0.0018181818181818182,0.0018181818181818182,174.8476391096578,0.09153283274804398,1.3723008905788594,3.335830574672945,0.16675004923779907,89.54537932536914,0.9653073173523173,0.39974188468495264,0.5489223731353191,0.014963069214852196,0.0363726819100123,0.4584958419374717,0.529203074843987,0.010437527905085,0.0018635702360525594
3,114.9164603306697,0.051231355800365024,0.46725458909685796,0.13079534356410688,0.1180020350819597,0.9939773977557651,55.39549255371094,0.9674808394321137,94.38379669189453,0.9939387764962637,56.330509185791016,0.9998970334471845,7.3706769943237305,0.9707360735063818,89.346435546875,0.9959861228039953,25.705080032348633,0.8959896165452332,130.6541748046875,0.8405312788890824,158.28985595703125,0.0005705023,1.0,0.0005668434000000001,0.0027272727272727275,0.0027272727272727275,122.84163254864555,0.060816098706961245,0.5310419690969357,3.1299445635758416,0.14043257268132345,93.28678828707108,0.9573171423595024,0.4958391584368195,0.43306262604024315,0.01031310793288552,0.060785131847486185,0.5520213023831194,0.4341565445441825,0.010799226442592996,0.003022952723729679
4,101.9537582397461,0.05267932149581611,0.3580733614328962,0.12672361158407652,0.13115812881061664,0.9996359035117919,15.394978523254395,0.9994289442675691,13.422358512878418,0.995049673575135,51.44511032104492,0.9993876723863513,16.49315071105957,0.9309755529944688,136.57139587402344,0.9551261955073694,84.14622497558594,0.7943724907365146,183.44381713867188,0.9850862487510347,48.717063903808594,0.0005705023,1.0,0.0007524578666666666,0.0036363636363636364,0.0036363636363636364,101.71102512575088,0.05898663506220045,0.3905262863685806,3.052880914086089,0.14804137887562088,94.80526281612192,0.9573828352162794,0.516972089586539,0.3984469444300362,0.009592558496688636,0.07498839328873194,0.5849115729189835,0.401647400534979,0.009927596272322538,0.0035134164936005464
5,88.3629193672767,0.03910663589620246,0.3622357151112877,0.12909496976779058,0.12423076674055594,0.9997486886887919,13.0753812789917,0.9999933628891011,2.0981478691101074,0.9930503489669744,60.36000061035156,0.9988953730409282,21.813209533691406,0.9485516844252856,118.25386047363281,0.974038944870556,64.32240295410156,0.7945859105205428,184.40866088867188,0.9183924436588363,113.26611328125,0.0005705023,1.0,0.0009380723333333332,0.004545454545454545,0.004545454545454545,88.54510715335915,0.039832934061496524,0.3462213718213064,3.0031523722073534,0.13811907490497558,94.66365862497304,0.9534070946326271,0.601377581841952,0.28839560421977306,0.011394034526812296,0.09883278330914136,0.6672325392961307,0.31479026429799734,0.013253769746243232,0.004723429891983092
6,82.0317479647123,0.03673774785756205,0.3425596309825778,0.12838763686326835,0.13148454218529737,0.9997027493643155,14.322487831115723,0.9926965803629845,44.817386627197266,0.9754832012541261,111.22186279296875,0.9989966323607211,20.637786865234375,0.8979180464500108,165.22442626953125,0.9944317798483702,30.03725242614746,0.9999924653616298,1.8504704236984253,0.9860489230764045,47.338409423828125,0.0005705023,1.0,0.0011236868,0.005454545454545455,0.005454545454545455,81.13411459547238,0.03670789946578947,0.34102105711458597,2.943826531548299,0.14579458228870337,94.77907860917871,0.9806587972598204,0.6253273075681617,0.2517782134942453,0.012758463502472535,0.11013602408648111,0.7010557350457995,0.27940735273495954,0.014210849785319668,0.005326072475390039
7,75.96447343092699,0.036295992331221126,0.3260980560086094,0.12687033873337966,0.1386388984437172,0.9802711144228573,96.95523834228516,0.9908120219770236,50.7822265625,0.9764236690230402,109.42431640625,0.9933541600009346,49.5161247253418,0.8558622035430355,196.12486267089844,0.9473654035691093,90.97589874267578,0.7939725781851288,183.70071411132812,0.9714157858093492,67.00810241699219,0.0005705023,1.0,0.0013093012666666667,0.006363636363636364,0.006363636363636364,75.37473760830949,0.035163781612329095,0.334971668505441,2.9154644113926063,0.15453661193474,95.06961856942063,0.9386846170663098,0.638607500123678,0.22754337093386373,0.013793740291066753,0.12005540378392981,0.7174060267447715,0.26180237104203546,0.014968161682054653,0.005823450056899853
8,71.27008331738986,0.03576828144454899,0.3571975723338815,0.12865072718033424,0.1458444889061726,0.9967398822652441,41.67390441894531,0.9996348669022034,10.614701271057129,0.9878593503940524,78.78614044189453,0.999489680087759,15.094534873962402,0.9447448692978004,122.80801391601562,0.9999861326968552,2.114454746246338,0.9593211727511555,82.92636108398438,0.9309542052926426,104.931396484375,0.0005705023,1.0,0.0014949157333333332,0.007272727272727273,0.007272727272727273,70.60061408189335,0.033945076263901634,0.3312712347663957,2.907659341678225,0.1630429010497452,94.5993502127205,0.977341269960964,0.6473263668303834,0.2081972048175518,0.01477675708812696,0.12969968798317394,0.7305231048921341,0.24524945517523192,0.017812126776595983,0.0064153377288225615
9,68.569427050077,0.03293546888296707,0.3221881219114249,0.12387073498505813,0.15181802936757988,0.9880796494337727,77.15483093261719,0.9999203368454049,5.472405910491943,0.9996283985020686,15.276986122131348,0.9982573573106353,26.041173934936523,0.9250650404398305,141.5891876220703,0.9993663941329779,10.9015531539917,0.8022907450826231,180.00196838378906,0.9867294295730376,45.66728210449219,0.0005705023,1.0,0.0016805301999999998,0.008181818181818182,0.008181818181818182,66.57647056245766,0.033379467201249506,0.3265239723091952,2.854529000030402,0.17129002838686713,95.0947554080861,0.9624171689150438,0.6531832030345979,0.19487104716837517,0.015596703431007778,0.1363490770182316,0.7590204762528608,0.2169404320433124,0.01736344915555645,0.006675675055971688
10,64.32322729550876,0.03357134638533283,0.3272372391791298,0.12675842872032753,0.1577350296653234,0.9745292652108725,109.9779052734375,0.9912955702774112,49.883419036865234,0.9521055781885651,154.8052520751953,0.9889092645129466,63.914527893066406,0.8839798065259538,176.09326171875,0.9769338194491589,60.51407241821289,0.7904222771885073,185.12744140625,0.9909711996348288,37.747962951660156,0.0005705023,1.0,0.0018661446666666665,0.00909090909090909,0.00909090909090909,63.11826466186329,0.03300431744597834,0.3197967953974042,2.836527053003,0.179485985302413,94.84904281013098,0.9436433476235305,0.6562507527790125,0.18388242062671306,0.016197607794410738,0.14366920921044118,0.7610005704819689,0.21283380398484295,0.018860008451195315,0.007305602024153998
11,62.69579311517569,0.03243120765994088,0.28917766047211796,0.12353279613531552,0.16519497342121142,0.9982754464427473,31.458911895751953,0.9977742894863569,24.911251068115234,0.9988873424305769,25.59545135498047,0.9993800260685279,16.42742919921875,0.9553770547397354,109.8083724975586,0.9856805006044335,48.199588775634766,0.8668195563156673,147.71949768066406,0.9688351072115049,70.17009735107422,0.0005705023,1.0,0.0020517591333333333,0.01,0.01,60.17549900792379,0.03305385145451355,0.3117642077360252,2.820190152907618,0.1878390189026117,95.49987745791151,0.9713786654124438,0.6572949029105152,0.17596903799657765,0.016597414613715833,0.15013867562680325,0.7786960067946086,0.19632078984176066,0.017505233632913123,0.007477999697989214
12,59.25390801062951,0.034607999752132364,0.30972314962687403,0.12310578272892879,0.17190289382751173,0.9877849772010775,76.62332153320312,0.9992940612874576,14.335400581359863,0.9811047244478575,97.92277526855469,0.9989662556840597,20.405183792114258,0.9091663333561891,155.8665771484375,0.9970447552879428,22.242841720581055,0.8912204179793378,134.1935272216797,0.9998618104584006,4.851444244384766,0.0005705023,1.0,0.0022373736,0.01090909090909091,0.01090909090909091,57.53592807827436,0.03323030412232677,0.3025183859640583,2.8060026649169347,0.19587080313415875,95.15194171605008,0.9705554169627904,0.6572156976640289,0.16965419853599198,0.016848864258206676,0.15628127149590385,0.7712094108947087,0.2013229619441905,0.019655271186533013,0.007812388409076017
13,56.33320137170645,0.03639477892563893,0.31679408488651883,0.12017875795180981,0.17805368582216594,0.9653940040514158,128.5506591796875,0.9830386216516663,68.23849487304688,0.9857610568736664,85.72296142578125,0.9984253827941031,25.349863052368164,0.9340644978206647,132.91748046875,0.9995723604529425,8.950285911560059,0.940131116829387,99.24283599853516,0.9952300303735858,27.53022003173828,0.0005705023,1.0,0.0024229880666666666,0.011818181818181818,0.011818181818181818,55.22979971218792,0.03369978410039948,0.29280961677728423,2.7856083919628327,0.20390223922147196,95.02018278671183,0.9752021338559289,0.6563005199843307,0.16527422273080516,0.016971256923899832,0.16145397213962087,0.7665928062680002,0.2044034009045385,0.02102697327957994,0.007976776249250436
14,54.0518520795382,0.03881864248810766,0.29921701987488913,0.12147086744125073,0.1851726551181995,0.9989237033959892,24.42760467529297,0.9999899891349123,2.6066536903381348,0.9908073388985389,68.9913558959961,0.9989776005694935,21.527528762817383,0.948932258438915,118.00853729248047,0.9896212928063073,40.922027587890625,0.8527210445335662,155.98838806152344,0.9899118372143507,40.399993896484375,0.0005705023,1.0,0.0026086025333333335,0.012727272727272728,0.012727272727272728,53.18076028876961,0.03426820744649939,0.28116008494710204,2.763166082313161,0.21174164780237034,95.18022065954875,0.9712356331240091,0.6551732616313575,0.16183971269782368,0.016899845251439838,0.1660871570867016,0.761450432171202,0.20963485382509056,0.020565761257560603,0.008348926343127457
15,52.24850911360521,0.03771430228908475,0.2881631924269291,0.12175071124847119,0.1892977149154131,0.9944065000517868,53.2127685546875,0.9961623077715994,32.702999114990234,0.9879050876869113,78.64920043945312,0.9996061263809309,13.871759414672852,0.8303981819326676,213.66102600097656,0.9885630840638917,42.58940505981445,0.9075695217167004,123.32904815673828,0.9987756102032577,14.368529319763184,0.0005705023,1.0,0.002794217,0.013636363636363636,0.013636363636363636,51.297976060623014,0.03492689823513953,0.2700247771937219,2.77014877730736,0.21972149174272207,95.32580485015302,0.9629233024759682,0.652360748315071,0.15895986304351326,0.016758288064752446,0.1719210795201717,0.7712384296615903,0.1992327393172032,0.020758296423730806,0.008770507199793361
16,51.89517725431002,0.03562023631261232,0.2714194141399975,0.11863812918846424,0.1863001914551625,0.9999710393939244,5.9356889724731445,0.9946873190053532,38.7772102355957,0.9799483103767066,100.69193267822266,0.9890514314297788,63.85426330566406,0.8359999424828092,209.16439819335938,0.984978291250588,49.0679817199707,0.788850075402517,185.7510223388672,0.9983964058351047,16.30866050720215,0.0005705023,1.0,0.002794217,0.014545454545454545,0.014545454545454545,50.351103871420634,0.03383327661528176,0.24124441821611203,2.7264442547456365,0.21769157231043706,95.62598059855002,0.9464853518970977,0.6462901108806222,0.15541840346044322,0.01611918037186618,0.182172284196493,0.7783480272853373,0.19119806605880574,0.02119116851298242,0.009262714664916958
17,50.85757559996385,0.03622403459695096,0.22470673016057566,0.11936595806708702,0.1836486282543494,0.9964639064655032,43.08171081542969,0.9969368368733654,29.875812530517578,0.9867223865307821,82.7859115600586,0.9937404944804797,48.611000061035156,0.8875426075331239,173.04348754882812,0.9925287463799435,34.81389236450195,0.9089776833327117,122.30413818359375,0.9990280056722854,13.02031135559082,0.0005705023,1.0,0.002794217,0.015454545454545455,0.015454545454545455,49.592704314699986,0.03281244872672841,0.2176132109445907,2.729136249804743,0.2169259040362321,96.48021416586543,0.9702425834085244,0.63880235091224,0.1512610901519991,0.015503511556144264,0.1944330273124523,0.7737988770784004,0.19724642073983506,0.01890969950725265,0.01004497905706232
18,161.155349951524,0.005380920975697406,0.0030991615782953045,0.11481127028281872,0.008921917760744691,0.999163923974596,22.73497200012207,0.9929227768273695,44.91813278198242,0.9929711760370769,60.247642517089844,0.9997596570638785,10.897048950195312,0.9005070567645217,163.23866271972656,0.9983764509883167,16.70787811279297,0.8273167453537831,167.97225952148438,0.9988927597732692,13.362701416015625,0.0005705023,1.0,1e-05,0.016363636363636365,0.016363636363636365,147.70180383711082,0.004489600298520216,0.0036949696436608856,2.6779201392057685,0.04984759089634024,99.99141158012263,0.9637388183478515,0.029630680476467105,0.09006654519887415,0.001212960115751169,0.8790898533080146,0.1806285983273542,0.603112595295686,0.005684153839941333,0.21057466878044867
19,90.2881512275109,0.009914336146231597,0.01449818269107849,0.11695147363039163,0.02984649924418101,0.9999733160648927,5.160425186157227,0.9958149503623983,33.929412841796875,0.9982904953961461,31.09650421142578,0.9999864091748043,3.839853525161743,0.8998729267295221,164.25279235839844,0.9956305133139213,27.185239791870117,0.8516687227750763,155.58547973632812,0.9834900272097511,51.22088623046875,0.0005705023,1.0,0.00019561446666666664,0.017272727272727273,0.017272727272727273,85.99085492336664,0.007700302440105577,0.013199920011069344,2.6624807775162855,0.07073766162638258,99.84813159972936,0.965590920128314,0.23779490072614204,0.10885718106963327,0.003223157411920735,0.6501247465857097,0.5917500878141437,0.3321775215619143,0.008390369454199804,0.06768200490230529
20,82.39542469611534,0.011766150685546633,0.01967385435441079,0.11656951560423924,0.045654821854371294,0.9999307980857186,7.837182521820068,0.997192772856329,28.935192108154297,0.9884239732984037,77.48963928222656,0.9981936758913232,26.433767318725586,0.8863673124519764,174.07945251464844,0.9988264287816546,13.95020866394043,0.9265028110990728,109.62080383300781,0.9945619929275042,29.316059112548828,0.0005705023,1.0,0.0003812289333333333,0.01818181818181818,0.01818181818181818,77.49626958417628,0.009635765351838148,0.021169709861900896,2.6518422019984293,0.08777979962592952,99.72579898489067,0.9737499706739978,0.3365674143343673,0.10977201352589797,0.004384879178480462,0.5492757213969004,0.6880219567747474,0.25771978090458947,0.007835020010558198,0.04642326160026327
21,73.348924270043,0.012637182868694743,0.037359061740482084,0.11614195773234734,0.0571450087456749,0.9962285270353177,43.96738815307617,0.9904593528359817,51.58542251586914,0.9999825126578955,4.618900775909424,0.9988133329248505,21.73411750793457,0.881755155067078,177.6951446533203,0.9929136255049963,33.99597930908203,0.9358379502462401,102.49127960205078,0.9917046983311116,36.42304992675781,0.0005705023,1.0,0.0005668434000000001,0.019090909090909092,0.019090909090909092,71.93274251714811,0.011028254154236809,0.028779845781825845,2.6786497174128714,0.10349014537763103,99.44238112893731,0.973461894325434,0.3939950049442878,0.1065633265273248,0.005309040947486954,0.49413263509214955,0.7275762928765066,0.22114237351746324,0.012480852957489212,0.038800511284833174
22,70.16248589295607,0.013314183841710193,0.03765658079646528,0.1183663927591764,0.06922895883998045,0.9999125411510695,8.955004692077637,0.9794356578455207,75.31697845458984,0.9891203702311034,74.82978057861328,0.9981834739888296,27.46289825439453,0.914776601283699,151.24566650390625,0.9944288098555091,30.21646499633789,0.8176135851484957,172.93002319335938,0.9980750404629795,17.59821319580078,0.0005705023,1.0,0.0007524578666666666,0.02,0.02,67.53183736626649,0.012105137423160963,0.03514357797828167,2.66507371861781,0.11692434555258936,99.43714428754868,0.9614432599959009,0.4345960803675915,0.103529657283533,0.006011336272560116,0.45586292675363027,0.7626044843036777,0.19232101803647395,0.01087885226860243,0.03419562990475557
23,67.01625288449802,0.01561978076530907,0.04219192164376951,0.11945225527653328,0.08186570626611893,0.9999944573503607,2.5157196521759033,0.9988982861829708,18.126203536987305,0.9961222854737424,45.901641845703125,0.9980917102272538,27.824052810668945,0.8929127710598799,169.2842254638672,0.9997636219829317,7.173530578613281,0.9271061472456356,109.0392074584961,0.9873884689941906,44.590267181396484,0.0005705023,1.0,0.0009380723333333332,0.02090909090909091,0.02090909090909091,64.25699051316047,0.013304966730091575,0.041701889444993145,2.6521818194962155,0.12990933276754385,99.35733482478575,0.9750347185646207,0.463998265093991,0.1024173278905151,0.006711978107427131,0.4268724162452102,0.767917307282007,0.19079760595400247,0.010776120618944975,0.03050896619341382
24,63.005267766805794,0.017270108183416035,0.052992029420028515,0.1156423046038701,0.09174758912279056,0.9938854859613286,55.2734260559082,0.9997425095254618,9.21165943145752,0.9816040771939691,96.3997802734375,0.9995493661799775,14.58073902130127,0.9182049617824481,148.55279541015625,0.9993693427422556,10.457566261291504,0.8601119755569157,151.32080078125,0.9978608408500961,18.675859451293945,0.0005705023,1.0,0.0011236868,0.02181818181818182,0.02181818181818182,61.502341489708414,0.014530081698313865,0.04675771251273421,2.6381171647527433,0.14221853756345068,99.18556642723829,0.9687910699740566,0.4859378424577358,0.10216728386643184,0.007173244012229861,0.40472164138631933,0.7716626496340112,0.18823500811887878,0.012601854107067963,0.02750050275810518
25,61.10233622330885,0.018095189508480523,0.06900360195252758,0.11470318757570706,0.1022717089463885,0.9966032175338504,41.119232177734375,0.9957637077947801,34.04955291748047,0.993665618158609,56.27973175048828,0.9963106542295156,37.67900466918945,0.8892636057086056,171.957275390625,0.9888026223889693,42.09904098510742,0.8310893006005149,166.44107055664062,0.993415647673389,32.846107482910156,0.0005705023,1.0,0.0013093012666666667,0.022727272727272728,0.022727272727272728,59.16106524046395,0.015668625195785563,0.05210545313653485,2.6490325891696562,0.15451778396786256,98.92267698952841,0.9606142967610293,0.5012993046340817,0.10140337761409009,0.007663938826992595,0.389633377928938,0.7822433695266409,0.17693250357208892,0.015334286450237742,0.025489851040693613
26,58.52091455459595,0.01997507637581573,0.06160606429553949,0.11962179495738103,0.11174247671778385,0.9985072279703875,28.736536026000977,0.9923528197455658,46.19802474975586,0.9887318137675036,76.1960678100586,0.9979143190922148,28.551782608032227,0.8554275589074612,196.32313537597656,0.9418509384026993,96.03638458251953,0.8254661525753473,168.78688049316406,0.9940408013932936,31.02977180480957,0.0005705023,1.0,0.0014949157333333332,0.023636363636363636,0.023636363636363636,57.12594556846406,0.01688580134218187,0.056805786376636754,2.6571339287972204,0.16643193925456007,99.0435432887783,0.9492864539818091,0.5131134996944445,0.10145769746968333,0.008067455258056723,0.37736136496919337,0.7829058247712712,0.17875992158527743,0.01303124273477665,0.025303038983001194
27,57.17244269297673,0.020085055175094076,0.06703827331344095,0.1170099859054272,0.12068261736287521,0.9999689589151486,5.8314008712768555,0.9970363492107281,29.008150100708008,0.9971344066170387,39.506771087646484,0.9997979484735028,9.999892234802246,0.9253457354526952,141.88800048828125,0.9992991296554657,10.86463737487793,0.9265020683273067,109.84930419921875,0.9908465083816357,38.02396011352539,0.0005705023,1.0,0.0016805301999999998,0.024545454545454544,0.024545454545454544,55.327289016832886,0.01797360390818892,0.06146994192085052,2.639873085462013,0.17725847529909775,98.97378856148157,0.9794913881291902,0.5245401096902543,0.10139771245273939,0.008511907048642244,0.36555027744451385,0.7961379911443085,0.16642873359881824,0.01363481275412753,0.02379848360240697
28,54.61854168084952,0.02361054592228566,0.07374405470461799,0.11777051710165463,0.1304115644441201,0.9992694084722069,20.499370574951172,0.9931027937610365,44.08066177368164,0.9604661867352531,140.41864013671875,0.9929587982062467,51.4943733215332,0.8842472657906727,176.39112854003906,0.9750854022502699,62.786075592041016,0.7007444383250796,221.79713439941406,0.9983666794245412,16.45667266845703,0.0005705023,1.0,0.0018661446666666665,0.025454545454545455,0.025454545454545455,53.66033213576724,0.019215318195776702,0.06483304227925334,2.641278067228807,0.18823609157934393,98.81291279402245,0.9380301216206632,0.5319805664606808,0.10208094544758012,0.008767158347835226,0.35717131638397975,0.7815725598668248,0.18104641273897543,0.014393826195417745,0.022987186708076892
29,53.136445852426384,0.024285456568647463,0.08436491252639546,0.11857421352313115,0.1386588540358039,0.9988967286174505,24.669471740722656,0.996624479077687,31.045541763305664,0.9834520039217215,91.12325286865234,0.9907764314628229,58.23114776611328,0.8099987005853463,225.51876831054688,0.9898835491304103,40.0570068359375,0.7357455839004787,207.8900909423828,0.9899107523549164,40.31389617919922,0.0005705023,1.0,0.0020517591333333333,0.026363636363636363,0.026363636363636363,52.15575339742947,0.02033783662278878,0.06883897719787717,2.610414491443285,0.1979837368050547,98.68450544317294,0.9369110286313542,0.5405042106788079,0.10272478412110432,0.009166640612892777,0.34760440186327707,0.7862692133777223,0.17514537198163035,0.016040561500108498,0.02254488160287844
30,52.386636330531196,0.024397745647897515,0.08119464405955604,0.11785918130324437,0.14703495843479267,0.9947953867288487,50.74646759033203,0.9999319759216205,4.8386640548706055,0.9969760390029494,40.50469970703125,0.9997084954520962,11.291389465332031,0.8717301947086851,184.99806213378906,0.9444453260160245,93.56619262695312,0.7236207437445963,212.87225341796875,0.9802200054101783,56.02595520019531,0.0005705023,1.0,0.0022373736,0.02727272727272727,0.02727272727272727,50.803519735283196,0.02152379742818355,0.07258204133053478,2.640980881694393,0.20919650772922838,98.73771175168154,0.9389285208731248,0.5433477598484807,0.10288793853118564,0.009462443898287515,0.34430188199969936,0.7971470075309417,0.16593159822408812,0.015060359842414503,0.021861068568233062
31,50.62101866648747,0.027699287076337405,0.08487581178689232,0.11825718788000253,0.15607807513039845,0.9984119309537717,29.51199722290039,0.9999868293746137,2.6287572383880615,0.9930834231369914,60.105770111083984,0.9999472629765019,5.95965576171875,0.8834342265387553,176.796142578125,0.9994854908672006,9.660693168640137,0.8137819768835619,174.42239379882812,0.9919670577337965,35.856231689453125,0.0005705023,1.0,0.0024229880666666666,0.028181818181818183,0.028181818181818183,49.53482723311953,0.022720553228363406,0.07540393756167606,2.6357371361604645,0.21914773666156884,98.70272965120542,0.9600122748081491,0.5476775489385719,0.10367687832181854,0.009696746546089164,0.3389488108702268,0.7858510815752691,0.1774707117139643,0.015325372854669148,0.021352791317697718
32,49.30623938487126,0.027922720021496598,0.09060903452336788,0.11669307030164279,0.1625737132361302,0.9989777472112071,24.240915298461914,0.9995626005084484,11.91981029510498,0.987509424502543,79.8646011352539,0.9994978439503253,14.81274127960205,0.8952131651219831,167.26039123535156,0.9354836014188996,100.65705871582031,0.6897917421553135,225.42044067382812,0.9983800940687614,16.339828491210938,0.0005705023,1.0,0.0026086025333333335,0.02909090909090909,0.02909090909090909,48.3996591499711,0.02380736039428362,0.07881512413469685,2.6558327503686114,0.22961623222228544,98.60700019062104,0.9380520273671852,0.5498543036315475,0.10368326386976134,0.0099853725017645,0.33647703541637414,0.7911511548100045,0.17175421207818659,0.016213563273330827,0.020881035636760727
33,48.6052528161269,0.028646903157305833,0.10056814218226534,0.11900992003770974,0.1710478733651913,0.9997907611801068,11.835952758789062,0.9913753618238956,48.992855072021484,0.9880328151154621,77.69548034667969,0.9925192859062679,53.00259017944336,0.8039147423074358,228.59169006347656,0.9562034457706255,83.24970245361328,0.8717761187514023,145.1833953857422,0.9934681512989934,32.17290496826172,0.0005705023,1.0,0.002794217,0.03,0.03,47.30458731336449,0.025057660039386868,0.08177935824616143,2.6342054587702193,0.23871648833214903,98.38684337864248,0.9496350852692736,0.5537082208794633,0.10496828356708127,0.010277382867542942,0.3310461054250678,0.7940094257597363,0.16747886187479225,0.01763859559379904,0.0208730896847143
34,47.816221677339996,0.02958751074038446,0.08834967515073143,0.115534979563493,0.16949830333200785,0.9956357419007515,46.052520751953125,0.9999915187742787,1.7785712480545044,0.9936720282725882,56.749786376953125,0.9920298004609363,54.374046325683594,0.8424059078828066,205.54345703125,0.992388010779074,35.52315139770508,0.8534243601132608,155.20858764648438,0.9992895032670286,10.872023582458496,0.0005705023,1.0,0.002794217,0.03090909090909091,0.03090909090909091,46.83669465822935,0.024835977209887526,0.0785506303609603,2.659087362892588,0.24032577211978232,98.60804755889876,0.9586046089313407,0.544560357732274,0.10334296230829904,0.010102655879882908,0.34199400384698225,0.7882609846830331,0.1745593328001012,0.016111123753690847,0.0210685364768109
35,48.19958044932439,0.02891098879850828,0.07393826861292697,0.11968823808890122,0.1697519226716115,0.9989239239097221,24.25678825378418,0.9909850349053752,50.07179641723633,0.9834791070369377,91.82421112060547,0.9990713245494093,19.687522888183594,0.9076146626362123,157.59559631347656,0.9999638141725622,3.1046855449676514,0.8478553979591056,157.5220489501953,0.9914694753697851,36.718505859375,0.0005705023,1.0,0.002794217,0.031818181818181815,0.031818181818181815,46.515579169007076,0.024708387851655814,0.0759263732096413,2.6480672452880354,0.24135553686269806,98.83616436978804,0.9649203425673887,0.5385193303140386,0.10237340387062212,0.010009462301889573,0.34909779229667465,0.7933935885068657,0.1703131743281469,0.013858937424813693,0.0224342797482044
36,131.84394190861627,0.0038998742079107054,0.0020212683196475087,0.11713289526792672,0.009117904234489497,0.9961583854605838,44.08978271484375,0.999146606225315,15.660029411315918,0.9818848388592326,95.45624542236328,0.9995284154199477,14.547236442565918,0.8308201124708122,212.83853149414062,0.9740861112589148,64.37895202636719,0.8211280826246266,170.8974151611328,0.9940119896585331,30.759517669677734,0.0005705023,1.0,1e-05,0.03272727272727273,0.03272727272727273,122.2897720670738,0.0025649276609638486,0.0014000826451076118,2.6058405704126533,0.08911569769047467,99.98659368604508,0.9495955677472456,0.01372258482358771,0.028781996072932126,0.0005141730105318569,0.9569812865955086,0.14459895445041174,0.4277160746171245,0.007255022409851402,0.42042997054828596
37,80.71249932509203,0.0075652395932523245,0.006102804538946098,0.11813407907119164,0.02753264929812688,0.9998389849232737,10.440568923950195,0.9903266040068157,51.52293395996094,0.9805025017849003,99.08187866210938,0.9888517830183349,64.06961059570312,0.8418643749883715,205.4370574951172,0.9908527667151564,38.2311897277832,0.7742345995722876,192.63848876953125,0.9960400721689114,25.735519409179688,0.0005705023,1.0,0.00019561446666666664,0.03363636363636364,0.03363636363636364,76.10043183222781,0.005091913993557057,0.005603609444827654,2.5980615982861393,0.10755609293589065,99.93296843022537,0.9453139608972565,0.13840541227950096,0.04734193902517562,0.0017524348441583146,0.8125001781322937,0.573447630769252,0.27477339762457975,0.007455735568738275,0.14432322870417966
38,73.41882746036237,0.009185319894011347,0.013473676634021103,0.11655324812118824,0.0416665395650153,0.9981064384944621,32.42257308959961,0.985409619864344,63.64492416381836,0.9926310742158465,61.843929290771484,0.9998295095997322,9.088967323303223,0.929474714804329,137.74378967285156,0.9959084408352386,25.69902992248535,0.9070108262826981,123.33220672607422,0.9747799471995565,63.31409454345703,0.0005705023,1.0,0.0003812289333333333,0.034545454545454546,0.034545454545454546,70.3649302492468,0.007217503262442213,0.009514678546539437,2.612451002867144,0.12461964762047253,99.80875055248677,0.972893821412026,0.21525616397737202,0.057916254782095215,0.0026375367088591626,0.7241900382082934,0.6717471998274333,0.2204483499206559,0.011170936885566108,0.09663353321705383
39,67.80271739226121,0.01083010466894708,0.017074022583144072,0.11871764063835144,0.054078057336692624,0.9977924198242828,34.864097595214844,0.9999785985951926,3.391613483428955,0.9880479635710152,78.52252960205078,0.9965087553048841,37.09593963623047,0.9047899472927828,160.357421875,0.9926624882954057,34.601314544677734,0.8691658654654792,146.1975555419922,0.990841744124179,37.98122024536133,0.0005705023,1.0,0.0005668434000000001,0.035454545454545454,0.035454545454545454,65.95544312810178,0.00836862306100929,0.013446097013999188,2.61112019578521,0.13880783320065992,99.74632740313415,0.9674734728091527,0.2693393216303164,0.06028927091536433,0.0034344261903426617,0.6669369986845111,0.7107045768412037,0.20026800521916532,0.011194035798976057,0.07783341698210211
40,63.950009456047646,0.01285411043612,0.019410833911164306,0.11611797832525693,0.06590211993226638,0.9999326482265304,7.422708034515381,0.9925778385120011,45.100223541259766,0.9860004519092722,84.5404281616211,0.9987988731581948,21.803852081298828,0.9677901189092005,93.26793670654297,0.9840599712151407,50.07512664794922,0.7721361146010568,193.4005889892578,0.9951663996165805,28.137792587280273,0.0005705023,1.0,0.0007524578666666666,0.03636363636363636,0.03636363636363636,62.54046785025342,0.009547650068701972,0.016701905238356917,2.58727005361183,0.15129660457586047,99.71323056555792,0.9620578020184971,0.3110384872870125,0.0631055144658898,0.004014247447060198,0.6218417635201676,0.7301690406631495,0.19504851208627796,0.010710558424918425,0.06407186814991796
41,61.993739714989296,0.013863647190961413,0.019958838166740652,0.11748846448384799,0.07714129554537627,0.9995739860504596,16.466625213623047,0.9977112864214658,25.6777286529541,0.991869940431152,64.96775817871094,0.9935001938235121,49.403892517089844,0.9217209701901219,144.6930694580078,0.9981751515312459,17.75614356994629,0.7915719654459098,184.4528350830078,0.9905890125705207,38.59135437011719,0.0005705023,1.0,0.0009380723333333332,0.03727272727272727,0.03727272727272727,59.8857645567391,0.010619079889010938,0.02006332945692084,2.6058329768425526,0.16467058020825412,99.69793898870309,0.9605890633080485,0.3411488489330955,0.06448680678468063,0.0045412787523123185,0.5898230378571474,0.7538713429085653,0.17971758307852762,0.0096436069216887,0.056767461104177
42,60.25509313436655,0.013947205823989442,0.022084895319914304,0.11394008879478161,0.08684873917641547,0.9954486680808227,47.442161560058594,0.9999112473436855,5.353877544403076,0.9901562620865068,71.15702056884766,0.9980619279887547,27.51668930053711,0.930036334796566,137.0176544189453,0.9993579825450967,11.02589225769043,0.8377419149511146,163.02407836914062,0.9948364241103127,29.20453643798828,0.0005705023,1.0,0.0011236868,0.038181818181818185,0.038181818181818185,57.69826263269927,0.011758992276558253,0.023219974663378277,2.614984816872324,0.1773252255129928,99.66170004629367,0.9681938452378575,0.36562635640661806,0.06631313871187865,0.004999744668129993,0.5630607520006705,0.7796066290648578,0.1605919205765157,0.009709311449606453,0.05009214635972482
43,56.4987818644597,0.016940238751256123,0.031884651228140756,0.11397171249756446,0.09661582133804376,0.9975206077264203,35.86673355102539,0.9957476970420386,34.64824676513672,0.9753818595849619,111.53458404541016,0.9962570826651693,38.3509407043457,0.9264179545115203,140.72801208496094,0.9924790255691522,35.34666442871094,0.9016816773215687,126.83574676513672,0.9627444258068403,76.29255676269531,0.0005705023,1.0,0.0013093012666666667,0.03909090909090909,0.03909090909090909,55.77248221422437,0.012924276898387602,0.026008172552697745,2.6019200861643683,0.1886753616654503,99.49558743744593,0.968528791278459,0.38702976882434076,0.06850007751040797,0.005388531390128809,0.5390816302258441,0.7656502386026145,0.17533607349861322,0.012900578655680346,0.04611312920054019
44,55.13997151301457,0.018014728543885913,0.03414752271671135,0.1148060468526987,0.10640247947034928,0.9977724107438428,33.842952728271484,0.9999840749871165,2.469057559967041,0.9949895727980913,50.71649932861328,0.9993599189782976,16.46338653564453,0.9263010387503701,140.6447296142578,0.9854769698754499,47.87399673461914,0.869783252564469,145.8749237060547,0.9992638054402363,11.243866920471191,0.0005705023,1.0,0.0014949157333333332,0.04,0.04,54.12431017709518,0.01402740876502287,0.029375285342892864,2.5996076149322156,0.20009800276660503,99.45578744289224,0.9716163805172342,0.40435827305047223,0.07010269253603939,0.00587217961933509,0.5196668790271548,0.7746963356556703,0.16930741307495564,0.01283711540809614,0.043159162239143574
45,53.88036518830519,0.01871774504140306,0.03479714637013295,0.11471179127693176,0.11538159754127264,0.9992096963213624,21.260662078857422,0.9980237195578798,24.07529640197754,0.9931722130539019,60.190093994140625,0.9995704385447124,13.500295639038086,0.9155061506976637,150.24717712402344,0.9978201271734902,19.476533889770508,0.7938814955986563,183.5202178955078,0.9985870621752062,15.011772155761719,0.0005705023,1.0,0.0016805301999999998,0.04090909090909091,0.04090909090909091,52.66488784935708,0.015137037344561415,0.03180581760313436,2.6133688359670253,0.21185365440168358,99.4555779692367,0.9619713628903591,0.4177644929487432,0.07145044246374407,0.00614172593547788,0.5046433755957458,0.7847662262917288,0.16222469995449332,0.01233749275939355,0.040671607931360446
46,52.445238003363976,0.02052579282854612,0.037489369726524904,0.11694947916727799,0.1248545481178623,0.9993510824989417,19.087364196777344,0.999568954621406,11.23694133758545,0.9863716533342102,83.3712158203125,0.9998381546451746,9.260514259338379,0.9070848752522522,157.991943359375,0.9850771569944251,48.89116668701172,0.6892120629334266,225.59799194335938,0.9995247170806983,8.934266090393066,0.0005705023,1.0,0.0018661446666666665,0.04181818181818182,0.04181818181818182,51.280875740870655,0.01629201736665711,0.0348297898933979,2.598661149411137,0.22211735799327764,99.41850113220511,0.9457535821700669,0.43084220715752475,0.0733486905924308,0.00655742756716594,0.4892516524224514,0.7838753386833158,0.16439763819552522,0.012556509178928112,0.039170496045864284
47,51.867320207449104,0.020702586500332333,0.03815341535776567,0.11375536253819099,0.13361247750715569,0.9973033721418363,37.074100494384766,0.9998929123088963,5.948256492614746,0.9891129631932606,74.38829040527344,0.9992076560276534,17.877857208251953,0.8969177293650561,165.85292053222656,0.9946152039570699,29.338008880615234,0.8254151948939664,169.0160675048828,0.9860840654699303,47.144981384277344,0.0005705023,1.0,0.0020517591333333333,0.042727272727272725,0.042727272727272725,50.08214871961158,0.017443628869832226,0.03695707091751939,2.6182285597045554,0.23364897151740657,99.41975797413838,0.9610686371697086,0.4397901064365102,0.0746574177345895,0.006758321417119403,0.478794171471441,0.7964768705936085,0.15494500877901612,0.012200891817015096,0.03637726423491223
48,50.471751359792854,0.022323495493485376,0.041765692679641336,0.11442256203064552,0.1420631418721034,0.9983032983755886,30.155187606811523,0.9968823563550459,29.815834045410156,0.9801527766076912,100.41963958740234,0.9973169086856949,31.99966812133789,0.9496165349097652,116.58999633789062,0.9911580800991816,37.942562103271484,0.9555898672051124,85.31976318359375,0.9995491768495964,8.599566459655762,0.0005705023,1.0,0.0022373736,0.04363636363636364,0.04363636363636364,48.94416695278414,0.018622118738156133,0.03923058049129463,2.603816040091412,0.24346144294681868,99.35963903499676,0.9835711248859595,0.4497894438178947,0.07648898533072408,0.007031420890566668,0.4666901756285264,0.7948871364525221,0.1571378416618631,0.012828823361757008,0.035146234689562954
49,49.278962061955376,0.02344874729617284,0.050545116286509886,0.11879002016324264,0.15039419963096196,0.992219302064674,61.18117904663086,0.998541170589836,20.348995208740234,0.9830918708611988,92.0627212524414,0.9900268770192945,60.4858512878418,0.8591938054520709,193.9739990234375,0.8627751858528206,147.00218200683594,0.5484104122771394,272.2127380371094,0.9986406383606619,15.422499656677246,0.0005705023,1.0,0.0024229880666666666,0.04454545454545455,0.04454545454545455,47.879515056868065,0.019697503134157798,0.041779054511062855,2.6026423232083102,0.2535059504098331,99.20106747774867,0.904112407809712,0.4576282861724827,0.07770035812695371,0.00734131475283284,0.45733003552430634,0.7939291362753838,0.15591523711493857,0.014971024052525417,0.03518457132402579
50,48.57329867436336,0.02444149074681963,0.05123766200043834,0.11432597728875968,0.15867554439375034,0.9990619121325902,22.943279266357422,0.9900601302770562,52.605865478515625,0.9907234345448181,68.95846557617188,0.9927018488816952,52.09060287475586,0.8126563791618873,223.3345489501953,0.9997224400914231,7.051028728485107,0.9087643955328811,122.12686920166016,0.9823375002767823,52.76612854003906,0.0005705023,1.0,0.0026086025333333335,0.045454545454545456,0.045454545454545456,46.944657497967434,0.020875930682405557,0.044030366548431135,2.6143885540791514,0.26417311560140305,99.23374536801379,0.9595035051123917,0.46355948142897674,0.07902367595158379,0.00757601807095215,0.4498407913185963,0.7985378620153106,0.1540343903668516,0.014677653354093621,0.032750070914594795
51,47.87263686840351,0.025303005222947553,0.04723868347131289,0.11675918790010306,0.16667308228520247,0.9796495139595748,98.46947479248047,0.9997894236875786,7.914717674255371,0.9612135382662115,139.32981872558594,0.9873057213227606,68.13202667236328,0.9030335100478926,160.83583068847656,0.9769140262811331,60.9638786315918,0.6354666853207236,244.2723846435547,0.9951277588851205,27.833051681518555,0.0005705023,1.0,0.002794217,0.046363636363636364,0.046363636363636364,46.023774662184735,0.02198453574584369,0.04665013357060432,2.6000494230286697,0.2732955704464643,99.2745927308452,0.9298125222213744,0.4705543282503999,0.08044234200330819,0.007914031777570456,0.4410892784681916,0.802568320801948,0.1518121875231799,0.013140437032376861,0.03247903294096865
52,47.17656663747934,0.02642755655464358,0.04231740779673251,0.11673957224075611,0.1657681820484308,0.9921449200877055,62.11463928222656,0.9927585228685851,44.805755615234375,0.9854503052871646,86.39424896240234,0.9928713366182897,51.87472152709961,0.8752008243534894,182.3112335205078,0.9739511769563005,64.33734130859375,0.7667309444168683,195.7414093017578,0.9917039804100893,36.308349609375,0.0005705023,1.0,0.002794217,0.04727272727272727,0.04727272727272727,45.621841907121876,0.02186162885820809,0.045343589459974895,2.6024926706923317,0.2745093989794275,99.3533548253304,0.9463515013748115,0.46438237343467376,0.0796389083196618,0.0078085309504048895,0.44817017817349925,0.795216324816572,0.15942478362296636,0.01206781212741577,0.03329105677746887
53,46.447212769435005,0.02697929786518216,0.05096669135113748,0.11738186386915353,0.1648742318726503,0.9984055558638776,29.22081756591797,0.9946568001097437,38.54454803466797,0.9891027331498727,74.75344848632812,0.9926345489947505,52.47882080078125,0.828466535442358,213.80979919433594,0.9750033724276671,62.918701171875,0.7089807705832445,218.80018615722656,0.9998763010593554,5.393429756164551,0.0005705023,1.0,0.002794217,0.04818181818181818,0.04818181818181818,45.40272712859257,0.02196552803000478,0.04403148769336555,2.600079024961854,0.2762286527676533,99.17655906004981,0.9358908272038586,0.4592755701407475,0.07951936850114114,0.007680293528786075,0.45352476502300476,0.7871672246710928,0.1636356243104205,0.01489418830412579,0.03430294448410203
54,125.962599167457,0.003310374549982953,0.0007080140476318775,0.114517663533871,0.010226534028054,0.9978234583571209,34.15201950073242,0.9967753330482294,30.401935577392578,0.9817931025604227,96.52992248535156,0.9998124716559829,9.45362663269043,0.890266146830322,171.21902465820312,0.9517219658831846,87.0681381225586,0.8599701724027284,151.2967987060547,0.9998877933940541,4.439002990722656,0.0005705023,1.0,1e-05,0.04909090909090909,0.04909090909090909,112.65042240200482,0.002045944949697967,0.0008382237347184815,2.5835763751369862,0.1300437153734166,99.99664842151127,0.9597563055165057,0.008662504149357202,0.015732747590478307,0.00031642563457025724,0.9752882913032851,0.12317232683322556,0.3237044477534371,0.0033987129121201354,0.5497244906654204
55,77.57844657164354,0.006571063188647923,0.0037711702797633526,0.11816119459959176,0.027843148366977963,0.9935617208595975,56.57951354980469,0.9997784526217272,8.533656120300293,0.9724742780916757,117.79305267333984,0.9921105097416357,54.02423858642578,0.895545330059178,166.97694396972656,0.9412834045545446,96.25078582763672,0.6771536182859808,229.9678497314453,0.9981915170286978,16.982250213623047,0.0005705023,1.0,0.00019561446666666664,0.05,0.05,73.06720106660514,0.004479534985155294,0.0036165521607208957,2.5857837788624334,0.14824255559720875,99.94993579632457,0.9337623539053796,0.09641631925387005,0.03021760497253353,0.001219809030595595,0.8721462499230959,0.5450341409284979,0.23600287948906018,0.006772169278521622,0.2121907929415971
56,70.01138012225812,0.008840136153874202,0.006612976028498871,0.11377200140402867,0.041659188689664006,0.9956586110805972,47.137359619140625,0.9999586781917165,3.9993278980255127,0.9619951817844393,138.07666015625,0.9854096015709027,73.44046020507812,0.8563855937239755,195.60165405273438,0.9782101866914431,58.761863708496094,0.7572704108197733,199.2775115966797,0.9944495324384957,29.968761444091797,0.0005705023,1.0,0.0003812289333333333,0.05090909090909091,0.05090909090909091,67.6613819422756,0.006270220606567823,0.006076687237865743,2.5681488672797417,0.16311617900358844,99.90364211844897,0.9411672245376679,0.15813560998842136,0.03844021264395779,0.0018965538851410562,0.8015276286575288,0.6406837147989178,0.21220135177686533,0.00808130471100644,0.13903365246822402
57,67.87943000059862,0.010915533422331255,0.009500871930728093,0.11403350302806267,0.05579386572711743,0.9983334257033051,30.15526008605957,0.9989011427370244,18.155254364013672,0.9768146221293167,108.29635620117188,0.9973032178080025,32.481483459472656,0.8765769787682708,182.0633544921875,0.9837919247455212,51.10301971435547,0.8200412358346096,171.5039520263672,0.9853709667908838,47.99913787841797,0.0005705023,1.0,0.0005668434000000001,0.05181818181818182,0.05181818181818182,63.93660023218123,0.007551169878297153,0.008974703544655974,2.5935131548744588,0.17864939483296047,99.85609159864009,0.9546416893146168,0.20286684930523938,0.0422680965998099,0.0026031592241109723,0.7522619168835615,0.6896279078382697,0.19564038591120583,0.00882387163394645,0.10590785772351297
58,62.01825956197885,0.011045186037126068,0.015544283826154871,0.11419744331103104,0.06455224147066474,0.99995366681943,6.543180465698242,0.9862855921604177,61.27568435668945,0.9855473912207661,85.97991943359375,0.9993853246088568,16.320960998535156,0.9177983770864383,148.51161193847656,0.9965838648134552,24.1510009765625,0.9351899560098924,103.05723571777344,0.9964817732420593,23.6921329498291,0.0005705023,1.0,0.0007524578666666666,0.05272727272727273,0.05272727272727273,60.651665489542744,0.008642393231388943,0.01079149801445593,2.5886948448187224,0.1913440371481976,99.77020739986635,0.9771532432451645,0.23851186326070214,0.04516677582534404,0.002973733947629315,0.7133476492122163,0.722920323465348,0.17110460900332122,0.012696812286902021,0.09327824411727581
59,60.632162020756645,0.011999382915046927,0.01637892009323248,0.11528994716130771,0.07593897633397809,0.9915191157794648,63.961124420166016,0.9999556515251495,3.9561338424682617,0.9613995685773358,139.02748107910156,0.9892140484260036,62.83598327636719,0.8826187100348224,177.2476043701172,0.9813783362770182,54.66752243041992,0.903631046502553,125.63162994384766,0.9999878115979239,1.816448450088501,0.0005705023,1.0,0.0009380723333333332,0.053636363636363635,0.053636363636363635,58.25926290131222,0.009676133093180382,0.013042617648137569,2.605894409315683,0.20479779669758624,99.75261161280051,0.9637130360900339,0.26685542310210886,0.04724725191974893,0.0034158501420723806,0.682481464106837,0.748987627272067,0.1580134931273485,0.011568574617439004,0.0814302987488943
60,58.49760448015653,0.013100908464716317,0.01721855560138535,0.11506418998424824,0.0860493159852922,0.9987972771324327,25.90116310119629,0.9961663940003717,33.09143829345703,0.995131529721664,50.584991455078125,0.999813589978364,9.367486000061035,0.9442252097243571,122.66584014892578,0.9745645262899902,63.81509780883789,0.8330844136697002,164.99209594726562,0.9999989906438559,0.5511278510093689,0.0005705023,1.0,0.0011236868,0.05454545454545454,0.05454545454545454,56.13129593174706,0.010665121877991261,0.015322846346056903,2.5948850062031923,0.2161140923366816,99.7287316160683,0.967722741395092,0.2918550827640413,0.04934949758563728,0.0038673628815179763,0.6549280550202876,0.7638989948183672,0.15224883910704837,0.010914600902281154,0.07293757623440156
61,56.927581346951996,0.014073000105921753,0.014078366644053649,0.11397818533273843,0.09570967040669459,0.994001884971006,54.530967712402344,0.9999637093252971,3.6155476570129395,0.9911334286409165,67.85770416259766,0.993672455778611,48.91722106933594,0.9059033241311564,159.18069458007812,0.9778706928466436,59.460609436035156,0.7736343602197029,192.64224243164062,0.9951475957806745,28.138397216796875,0.0005705023,1.0,0.0013093012666666667,0.05545454545454546,0.05545454545454546,54.35160075622413,0.011770684826250767,0.017120439176541786,2.5863492862753388,0.22730753179595123,99.77963371436591,0.9539159314617509,0.3130675836090036,0.05178308317921045,0.004176747532367636,0.6309725987691256,0.7787651346944816,0.14703843452936383,0.00815705894368874,0.06603939217952674
62,54.61366514059213,0.016412461064576816,0.01893557407087288,0.11667631681148823,0.10569886555178808,0.9960536092476333,44.462772369384766,0.999970482131141,3.3205673694610596,0.9769110434184857,107.91937255859375,0.9988373986516148,21.577972412109375,0.9185744999634035,147.5117645263672,0.9540409606523302,84.94461822509766,0.8284790321068456,167.37216186523438,0.9942196766525466,30.740570068359375,0.0005705023,1.0,0.0014949157333333332,0.056363636363636366,0.056363636363636366,52.81667140635974,0.01283955777785611,0.019346417364639927,2.578291731712452,0.23820835637638468,99.70904109244701,0.9583858378530001,0.3314597114423123,0.053900534696477126,0.004577649793094361,0.6100621313888455,0.7724096833723136,0.1552756595721019,0.010097344050910922,0.06221733278479738
63,52.69036296697763,0.017687031309693478,0.02607425220328598,0.11484025074885441,0.11430533287616876,0.9988545815683794,24.815929412841797,0.9996211210594698,10.912154197692871,0.9896712547199652,72.87664794921875,0.9982812160843441,26.194355010986328,0.9116650682364378,153.85243225097656,0.9939246842558239,31.621742248535156,0.744120089868216,204.27362060546875,0.9994537958920026,9.689830780029297,0.0005705023,1.0,0.0016805301999999998,0.057272727272727274,0.057272727272727274,51.54312935573484,0.013897533630011285,0.021369542384945456,2.598114129514474,0.2505422933597648,99.59131689803033,0.9544489764605799,0.34572919535161173,0.05546981087961544,0.004884971541305907,0.5939160209946336,0.7746597992142202,0.15473496174368787,0.013064513244512407,0.05754074806112586
64,51.56533219264104,0.01879682597847512,0.023013355031322975,0.11407823172899392,0.12300143577158451,0.9982386068929426,30.82974624633789,0.9837879792026798,67.08853912353516,0.9792845699953466,102.38662719726562,0.9986425716165314,22.86983871459961,0.8937395514565998,168.54571533203125,0.9332145950585342,102.59857177734375,0.8848003465879887,137.28492736816406,0.9946629103810652,29.50199317932129,0.0005705023,1.0,0.0018661446666666665,0.05818181818181818,0.05818181818181818,50.228113813256115,0.014970691329314298,0.023350867644313933,2.5903409694335533,0.26077296482302786,99.64368531191676,0.9582963913989611,0.3594426545441379,0.0574089087013835,0.0052098803132877595,0.577938542880688,0.7823353365963105,0.15281793956764134,0.010885717144574885,0.05396098749030191
65,50.90115217062143,0.019377787892993253,0.02543842789824479,0.11503003079157609,0.13211509606872612,0.9912411500775012,65.32383728027344,0.9992439328541942,14.94538402557373,0.9810436084200499,98.1626968383789,0.9965230361378427,35.90626525878906,0.8652223846621883,189.57559204101562,0.9540593389413924,85.362060546875,0.7959877577055867,182.76959228515625,0.9939661180013867,31.335981369018555,0.0005705023,1.0,0.0020517591333333333,0.05909090909090909,0.05909090909090909,49.099511018326666,0.016089899649928036,0.024791572821995594,2.578036596472527,0.2706337470617575,99.60598005391851,0.9471609158500177,0.37223875908965565,0.059452672937556406,0.005413059501078766,0.5628955287694839,0.7904993976535004,0.14667353292399643,0.011377805224990156,0.051449299092161165
66,49.74237368657039,0.021022428749487378,0.029266885759380575,0.1156423963033236,0.14100925387957922,0.9984737673959341,28.702571868896484,0.998000984664013,24.142959594726562,0.9807560041031731,98.56048583984375,0.9967559644991727,35.29413604736328,0.852923890741947,198.43519592285156,0.9932497864014008,33.21586990356445,0.9031710394618452,125.88691711425781,0.9996292232199706,8.0315580368042,0.0005705023,1.0,0.0022373736,0.06,0.06,48.107611896693946,0.01720243851989863,0.026963237672303297,2.5797632122997642,0.28124071752493973,99.54732743036571,0.965370082560932,0.38271378968148234,0.06116624460102638,0.005752347222605616,0.5503676498203353,0.789255106496131,0.14908545482724392,0.012453176633800614,0.04920630091500858
67,48.514666704031136,0.022104207703915354,0.030576024585081123,0.11571107919399555,0.1485648865883167,0.9999919753556978,3.271615982055664,0.9987902634154041,19.14002227783203,0.9883915304986632,77.37030029296875,0.9983478455476574,25.23375701904297,0.9023744797558089,161.35507202148438,0.9839914084468805,50.64396667480469,0.8674293797667382,147.32090759277344,0.9984331567282428,15.938961029052734,0.0005705023,1.0,0.0024229880666666666,0.060909090909090906,0.060909090909090906,47.114382741559375,0.01819677544830333,0.02883585946087621,2.594493953121401,0.2921390062703343,99.53287374813307,0.9672187549393867,0.39076461787347644,0.062288071971685725,0.006012089955967756,0.5409351872290711,0.7912398493455477,0.14878487246564256,0.012535652965239515,0.04743958551488803
68,47.80951896080604,0.02261688851285726,0.0378868807769882,0.11728449853566977,0.15692533882191548,0.9993578508416363,19.94036865234375,0.9989937155383245,17.36378288269043,0.9923854101414418,63.25986099243164,0.9975635413059372,30.99895477294922,0.9050679812861018,159.76666259765625,0.9975247217202552,20.299699783325195,0.8961067022407814,130.50596618652344,0.9925370120501856,34.3850212097168,0.0005705023,1.0,0.0026086025333333335,0.06181818181818182,0.06181818181818182,46.2635953413084,0.019399827970051065,0.03091591189548006,2.579466392762526,0.3014522545045581,99.44217165528177,0.972442116890583,0.40033978915430707,0.06435456255563593,0.0063398612353080894,0.5289657651549339,0.7947475736862286,0.14412515329040465,0.01492491972283413,0.0462023183085826
69,47.148457527160645,0.024366664977815863,0.029691298398225065,0.11667240697603959,0.16529068637352723,0.9996605219383065,14.986467361450195,0.9995829452104632,11.692105293273926,0.9959342186567104,46.160789489746094,0.9976360584230739,29.97642707824707,0.9246423195241834,142.037841796875,0.9891468932962864,41.83056640625,0.8824370487885472,138.8457794189453,0.9986959736910893,14.853158950805664,0.0005705023,1.0,0.002794217,0.06272727272727273,0.06272727272727273,45.404652737395196,0.020428801543696494,0.03242543929789212,2.5990093182550127,0.31236198262364123,99.53036006426652,0.9734669974410826,0.4061648331602181,0.06540104967995018,0.006511545857970762,0.5219225622707597,0.7970383839320184,0.1474170475809604,0.01126775024724314,0.04427679533978584
70,46.540955543518066,0.023763380228326872,0.03848343984617923,0.11472085003669445,0.1635582780178923,0.9984307962051,28.969932556152344,0.9988250040780969,18.37192726135254,0.9903008709276346,70.56761169433594,0.9971650230188334,32.991886138916016,0.9375714262516026,129.25254821777344,0.9950176193642163,28.651233673095703,0.8223134603711522,170.203125,0.991209662099541,37.32157516479492,0.0005705023,1.0,0.002794217,0.06363636363636363,0.06363636363636363,45.09968368724498,0.02041678944737454,0.03164155681320453,2.590615449747398,0.31330599444388585,99.43714428754868,0.9663542327895221,0.40222116744750924,0.06516565214021545,0.006426795692051073,0.5261863792128422,0.7951020929782363,0.14528998786430913,0.014972927091844824,0.0446349632563948
71,46.4678205710191,0.024020773824304342,0.03508070230376548,0.11292512714862823,0.16341505600855902,0.9989239185836499,24.62993049621582,0.9900900113402064,52.60337448120117,0.9946375147895796,53.5209846496582,0.9933367524659698,50.33150863647461,0.8784412493025201,180.17515563964844,0.9913518511356307,37.22496795654297,0.8402203497355433,161.54347229003906,0.9946344286494485,29.20775032043457,0.0005705023,1.0,0.002794217,0.06454545454545454,0.06454545454545454,44.83733478992253,0.020332339284208054,0.030940183679897017,2.574064859034243,0.3137588161580982,99.45076007515915,0.9602045095003185,0.39930429569686954,0.0648024477309441,0.006364915076466014,0.529528344064535,0.7945484177766992,0.1469924155767277,0.013856127649901014,0.04460301173858607
72,118.43065900069017,0.003156079085014286,0.0005935556189386332,0.11491299134034377,0.011900813859448625,0.9993493708208302,19.49983024597168,0.994876328306835,38.023616790771484,0.9883925108717942,77.0038070678711,0.9935298908550841,49.08235549926758,0.9184176391835207,147.66641235351562,0.9683297749720036,71.0272445678711,0.8653982608814041,148.3427276611328,0.9997149628607624,7.001082420349121,0.0005705023,1.0,1e-05,0.06545454545454546,0.06545454545454546,109.91433960118745,0.0018855699879993806,0.0008468222464649203,2.576638643074908,0.17169284537529414,99.99581052688909,0.9660010923440293,0.006401800806605053,0.010982228082234962,0.00032283444951943424,0.9822931806764342,0.09951475621699807,0.2651985924902543,0.00326455935690264,0.6320221208260123
73,77.588942527771,0.0067712523976717,0.0019177624873499065,0.11579126692735232,0.029760370559345644,0.9999003964427937,9.005699157714844,0.9999766219955352,3.171483039855957,0.9924309494199998,62.4822883605957,0.9947619669705626,44.203102111816406,0.8483256609771794,201.13543701171875,0.9575349463190374,81.65227508544922,0.7393528405778466,206.49703979492188,0.999731705975772,6.974029541015625,0.0005705023,1.0,0.00019561446666666664,0.06636363636363636,0.06636363636363636,70.85420647062,0.004076610640222585,0.002564959818959998,2.5666821754538263,0.18844129178930866,99.97779579251215,0.9415018860848408,0.07355133091178785,0.02163331932992976,0.0009033055287220091,0.9039120934454815,0.5099909485849591,0.22752580933658184,0.004276482111958968,0.25820678264499813
74,71.05943426719078,0.008110006612976296,0.004711588433285494,0.11592969642235683,0.04331578685042377,0.9999937734378364,2.8064191341400146,0.993829599640583,41.74399185180664,0.9927654258037366,61.033843994140625,0.9996418441738035,12.596879959106445,0.9319619364685519,135.20558166503906,0.9838728226417819,51.15082550048828,0.8298204529149809,166.63319396972656,0.9944484464585375,29.68158721923828,0.0005705023,1.0,0.0003812289333333333,0.06727272727272728,0.06727272727272728,66.43727256574608,0.005937459114190656,0.004461535338113083,2.561704345397183,0.203898253540198,99.92856948345892,0.9657917876924764,0.12421788864818305,0.029119715402663327,0.0014720069682173356,0.8451903573921004,0.6254050612654686,0.18722981163845473,0.007317456907530482,0.18004767816320943
75,66.14726910224327,0.009555992690506034,0.006349919856382677,0.11560163245751308,0.05536601241104878,0.9965157061847056,43.03622055053711,0.9963509415105867,32.49871826171875,0.9947213398250615,52.69316482543945,0.9985609512776424,23.87247085571289,0.910037628373097,154.82650756835938,0.9965301493557964,23.649457931518555,0.7963119239528393,182.78665161132812,0.9949731776757419,28.845474243164062,0.0005705023,1.0,0.0005668434000000001,0.06818181818181818,0.06818181818181818,62.77007839655061,0.007176522665650435,0.006463851184378968,2.5725384480960805,0.21859839708561354,99.90720317059325,0.9605002272694338,0.162767911983509,0.03282971312383305,0.002016104107273262,0.8023862529290575,0.67722310648379,0.1725967299136582,0.007819762743661161,0.142360432736648
76,62.737028525425835,0.01127382653290764,0.009700534762277339,0.12194648958169498,0.06757641103691779,0.9970092088195232,39.21001052856445,0.9964716674673887,31.666702270507812,0.9814889324032512,96.73124694824219,0.9885669547274178,64.77183532714844,0.8789145844835808,179.75680541992188,0.9820528101323832,53.35042953491211,0.8492775339408418,157.1134796142578,0.9820127188690247,53.333831787109375,0.0005705023,1.0,0.0007524578666666666,0.06909090909090909,0.06909090909090909,59.67195472019289,0.008038147932397129,0.00788489143412661,2.5595326311026856,0.23032399457816388,99.8491789680071,0.9569743013554264,0.1949455237211448,0.03489930759111276,0.00236525212349099,0.767789898115533,0.6985717341434129,0.16683079731400083,0.009917939634698248,0.12467951014802323
77,60.18779794986431,0.011491461410724487,0.010828090289858384,0.11358096278630771,0.07666060267589413,0.9994860441538159,17.88873291015625,0.9963145225964805,32.475215911865234,0.9842197474527632,89.7957534790039,0.9999354478143847,6.145440101623535,0.8824830859430842,177.06788635253906,0.998812967847369,14.750312805175781,0.859789503766823,151.32296752929688,0.9877112409431238,44.12485122680664,0.0005705023,1.0,0.0009380723333333332,0.07,0.07,57.30033940973031,0.009059936407577119,0.009744376421468177,2.5521374241928307,0.2421435260153898,99.82299476106388,0.9635940700647305,0.2219834821743753,0.03741556322675049,0.00281695059424971,0.73778400204738,0.7364996633241757,0.14990048355487257,0.009887299262368426,0.10371256052675963
78,57.25435337653527,0.013728731826771624,0.009938659389333155,0.11386119860869187,0.08684322689301692,0.9983671872460989,29.714548110961914,0.9976646822509795,26.02842140197754,0.9839775618909697,90.6016616821289,0.9926932888162493,52.664241790771484,0.8833148197107796,176.25534057617188,0.9998163948109965,5.645145893096924,0.9120380148348812,120.11947631835938,0.9978615566070977,18.458736419677734,0.0005705023,1.0,0.0011236868,0.07090909090909091,0.07090909090909091,55.373699394596315,0.010111630314482449,0.011488231709345511,2.552036975121441,0.254111564985655,99.8391242325409,0.9707166882710065,0.24486368843696052,0.039792090198859174,0.003205757544756643,0.7121384730461334,0.7408287719548269,0.15808638529386054,0.008115098060795148,0.09296976139668299
79,55.863221865433914,0.015634767375349138,0.012926726787834643,0.11787530665214245,0.09817051694083673,0.9954157387143132,48.35053634643555,0.9992937456131241,14.45310115814209,0.9871297608997233,82.0673828125,0.9941659606290768,47.65492630004883,0.8981069450977608,164.9806365966797,0.9861102712568937,47.12528991699219,0.8248239248627787,169.17706298828125,0.9998977347519717,4.718314170837402,0.0005705023,1.0,0.0013093012666666667,0.07181818181818182,0.07181818181818182,53.743763950199195,0.011061100478157365,0.013408578479589928,2.556595282698778,0.2660008780272972,99.79345897563194,0.9606180102282054,0.26453588701391073,0.04158294724509243,0.003620212588440132,0.6902609728586105,0.7450484058525755,0.15926133285792474,0.009456749782851425,0.08623352987047385
80,53.741797080406776,0.015375889860129414,0.017062334193794344,0.11428395257546352,0.10526780211008512,0.997641989666401,35.73904037475586,0.9996441467412002,11.247965812683105,0.9887861599859655,75.88426971435547,0.9911116880930652,58.00057601928711,0.8593704243692091,193.60086059570312,0.9976413302374505,19.434219360351562,0.898715302583099,129.08148193359375,0.9953929697616459,27.19027328491211,0.0005705023,1.0,0.0014949157333333332,0.07272727272727272,0.07272727272727272,52.28672119237737,0.01215118711092639,0.014406960589630424,2.5764699633764483,0.27874283374612446,99.7484221396896,0.9660380014297545,0.2804170464381853,0.043592823347679464,0.003758944895162492,0.6722312146355245,0.763191178904747,0.14606450929838818,0.011788001719445692,0.07895633822215191
81,59.74420738220215,0.03126533309785792,0.01801854212848971,0.11439421429083897,0.1414176681293891,0.999992724191427,3.1496217250823975,0.9946388449753214,38.90940856933594,0.9977049945649638,35.30352020263672,0.9998320421456788,9.170717239379883,0.9303420563233173,136.79443359375,0.9998446766680642,5.817201614379883,0.836357065046038,163.5559539794922,0.9924631317601526,34.58360290527344,0.0005705023,1.0,0.0016805301999999998,0.07363636363636364,0.07363636363636364,51.629522030753755,0.016459310391003543,0.016305234123542966,2.5741309580247176,0.29397457201469485,99.72831266875721,0.9688969419593704,0.2951444758967449,0.055988891413985276,0.004084224498972101,0.6447824448682393,0.7099674751318313,0.22108505614200855,0.009382278310208322,0.05956521609244211
82,51.03512144088745,0.018042988233411543,0.023295544096841835,0.11512851944336525,0.12360079543521771,0.9941956358807704,54.26413345336914,0.9999910043766004,2.0613694190979004,0.9898840855209248,72.63672637939453,0.997642637435181,30.73567771911621,0.9289383037864799,138.3134765625,0.9915978608813981,37.207069396972656,0.8876411134584555,135.4541778564453,0.9964949394456213,23.56993865966797,0.0005705023,1.0,0.0018661446666666665,0.07454545454545454,0.07454545454545454,50.677497132391615,0.015598967392812576,0.017689991238554414,2.5718791901638514,0.30321113177254355,99.6434758382612,0.9732981975981789,0.31189996370110695,0.051445892839166195,0.0043491425597539995,0.6323049623738143,0.7705364626032272,0.14597792975263116,0.014049884691016722,0.0694357004971628
83,50.65689864525428,0.017694752542481113,0.01870548293943732,0.11662589242825142,0.1318418700964405,0.9963085520734881,43.11445617675781,0.9920430940847186,46.8885383605957,0.9749990902059886,112.41304016113281,0.9949859742562237,43.749183654785156,0.8885107050595553,172.59707641601562,0.9664959888444614,72.7813720703125,0.8439156988493113,159.80856323242188,0.9989716863615882,13.370864868164062,0.0005705023,1.0,0.0020517591333333333,0.07545454545454545,0.07545454545454545,48.56022424629594,0.014571063423510004,0.01907656846757661,2.574902060848432,0.3099324275860259,99.71888635425765,0.957028848716917,0.32146969708872347,0.04701367822979933,0.00464428267078952,0.626872335058788,0.7883364699371593,0.13421193532477693,0.010705352644577693,0.06674627487434288
84,49.466633136455826,0.01966358523350209,0.025528061534994498,0.11466341408399436,0.1410444494909965,0.9996578967510176,15.418482780456543,0.9932299344958982,43.503963470458984,0.9880601105799595,78.77626037597656,0.9929485418473533,51.60382843017578,0.9236751402632386,143.50257873535156,0.9938455246864409,32.16415023803711,0.854449628013227,154.23135375976562,0.9788193974101478,57.64600372314453,0.0005705023,1.0,0.0022373736,0.07636363636363637,0.07636363636363637,47.59378310623108,0.015852806167995635,0.02038329948582994,2.5598516658885004,0.31937400336386956,99.62190005174,0.9655857717559103,0.33341810142476347,0.049637121371880095,0.004873730652565392,0.6120710505546195,0.7846841152544352,0.13941410175632118,0.013821285524967024,0.06208053765265075
85,48.11368447083693,0.02224170590321032,0.023008124347632893,0.11787310586525844,0.1497068710338611,0.999083601867802,22.66652488708496,0.996906891166943,29.965288162231445,0.9880992280121157,77.74357604980469,0.9996641274817349,11.998458862304688,0.9246666840894948,142.00799560546875,0.9811611077476172,55.325775146484375,0.627623165284684,247.14471435546875,0.9942314546301109,30.306913375854492,0.0005705023,1.0,0.0024229880666666666,0.07727272727272727,0.07727272727272727,46.81820290564732,0.017275005370799332,0.022335382144714432,2.5505221636644317,0.3295266799207898,99.6411716280502,0.9389295325350628,0.34425117556621,0.052423692597369724,0.005237560410633606,0.5980875466692485,0.7787143135857477,0.14856837064064768,0.011875877877171733,0.06084140493628557
86,47.69445863136878,0.021872255566100087,0.022481525424294747,0.11320351178829487,0.15689624939113855,0.9869273643715757,79.79183959960938,0.9969920627995799,29.1439151763916,0.9668031099596736,129.363037109375,0.9849564365616061,74.82086944580078,0.91964766376514,146.8758087158203,0.9467111783371401,91.61048126220703,0.8695527296886825,145.86000061035156,0.9996115030412688,7.959282398223877,0.0005705023,1.0,0.0026086025333333335,0.07818181818181819,0.07818181818181819,46.066761939413695,0.018517015054347788,0.023273338547440257,2.5799508275687932,0.3422116895658968,99.64724636406103,0.9589002560655834,0.35115653720086626,0.05410982622433803,0.005317036145398823,0.5894165882377729,0.7929818978756126,0.13940585355595775,0.011202603886281338,0.05640961087675084
87,46.80541812456571,0.02330666767934767,0.024992136092175946,0.1145478544326929,0.16512751049147203,0.9976000122038479,36.21257400512695,0.9962729017309285,32.57698440551758,0.9938412358965214,56.93803024291992,0.9979564872428289,28.92252540588379,0.945647224648817,120.51193237304688,0.9995191861247337,9.078695297241211,0.8088179481175372,176.9437255859375,0.9998035161330564,6.003820896148682,0.0005705023,1.0,0.002794217,0.07909090909090909,0.07909090909090909,45.2872233607035,0.019566718078468087,0.025464465887587318,2.579876910743964,0.35216786735524425,99.61352110551816,0.9674323140122838,0.3593238938793558,0.05556077056493755,0.005718885631698257,0.5793964445017323,0.7920212363555494,0.14114345701682057,0.01197045094285485,0.054864836964660026
88,46.59025261952327,0.023205353994853795,0.025430261470878925,0.11617117547071897,0.16471674758940935,0.9982941766477003,29.60738754272461,0.9999788168343198,2.9114160537719727,0.9894949080070489,73.59516906738281,0.9967822376958884,34.717735290527344,0.888468228342421,172.7488250732422,0.9999848688943332,2.245920181274414,0.9219919113059458,113.0223388671875,0.9878490729668568,43.856224060058594,0.0005705023,1.0,0.002794217,0.08,0.08,44.95093435622817,0.019672453301227463,0.024193334775512287,2.5704321223255557,0.3528451546611725,99.64221899632793,0.9728555275868143,0.3559710634674,0.05575378616186009,0.005485314893723165,0.5827898359083595,0.790346323667556,0.14088035572859872,0.012351026519425518,0.056422277477357535
89,46.59577010228084,0.024837719034761764,0.029784582250823196,0.11663285814798795,0.1668829178580871,0.9989810531137244,24.036266326904297,0.9943209144519899,39.574134826660156,0.9888143957919835,76.08467102050781,0.9965308522823987,36.8574104309082,0.8914118964971325,170.54161071777344,0.9872813581530463,45.31842803955078,0.7082126248017284,218.2636260986328,0.9981155234664405,17.4634952545166,0.0005705023,1.0,0.002794217,0.0809090909090909,0.0809090909090909,44.7002345095007,0.019370908259918697,0.024301454343358106,2.577723958659191,0.3548005709784697,99.57686321579766,0.9454585773198055,0.352034820084923,0.054596609600986744,0.005541728902147675,0.5878268502627473,0.7801798687304979,0.14883320206495382,0.01444032441397278,0.05654658154351873
90,120.41789876497708,0.003044418614780835,0.0005770090691262689,0.11497508791776803,0.013702859778557187,0.9998431049151157,10.831615447998047,0.9989975372058301,17.235376358032227,0.9953378259167777,49.64666748046875,0.9997503949366529,11.066184043884277,0.9092710298063539,156.15206909179688,0.999029353111096,13.003877639770508,0.8781869842604407,141.03591918945312,0.9953961572224972,27.334436416625977,0.0005705023,1.0,1e-05,0.08181818181818182,0.08181818181818182,109.89783562756571,0.0017358002033567705,0.00053896747597624,2.5162307664858696,0.20875229319896885,99.99685789516681,0.9719765484218454,0.005264509143514816,0.00831511921022262,0.0002112424168748167,0.9862091725747845,0.08787793257098939,0.22217395959527145,0.0034452540339344967,0.6865028760301508
91,74.73462783373319,0.0069705534876377965,0.0022461582921096124,0.11525414310968839,0.03131020795374822,0.9990468570585589,23.006481170654297,0.9990883233807323,16.65758514404297,0.9859896662739307,84.57664489746094,0.9926742080950511,52.10546112060547,0.8386217563697945,207.31642150878906,0.9877525184057337,44.463722229003906,0.8153428616196363,173.63819885253906,0.9997757206515984,6.107793807983398,0.0005705023,1.0,0.00019561446666666664,0.08272727272727273,0.08272727272727273,70.28105677663095,0.003947705145004333,0.002025010496217353,2.5598094566245826,0.2296292830907644,99.97318737209014,0.9522864889818794,0.059870375646716975,0.017191645124127936,0.0007295393398495549,0.9222084056428028,0.46691399772314324,0.2226287828536551,0.005934759356899521,0.30452244022358516
92,69.53047671684853,0.007713931000370604,0.0030380959592898413,0.1135072627892861,0.04396839004654724,0.9966626135569342,41.42924118041992,0.9992057698041978,15.370347023010254,0.9706492855785849,121.6100082397461,0.9940454109474499,47.49128723144531,0.9146835931520247,151.4190673828125,0.9787711739509756,58.03327560424805,0.7491054714517498,202.6725616455078,0.9997350917000424,6.958859443664551,0.0005705023,1.0,0.0003812289333333333,0.08363636363636363,0.08363636363636363,66.02366750773307,0.005783699152623685,0.0037392032997776788,2.5501628801665235,0.24455292013161886,99.95517263771322,0.9503573012677449,0.10292304964169359,0.0236500923788229,0.0012787962896627161,0.8721480400347402,0.6028655915047287,0.1754426530560758,0.005779044858006708,0.2159127203875984
93,65.5806433237516,0.008823444751145031,0.006431984112938293,0.11272624249641712,0.05607168419429889,0.9956646546244912,46.557708740234375,0.9985268621089058,20.488235473632812,0.9697717716252922,123.19805908203125,0.9984832968415774,24.240001678466797,0.9050066867537397,159.2893829345703,0.9832008579996558,51.47676086425781,0.82575966593746,168.86805725097656,0.9997333159909749,6.906224727630615,0.0005705023,1.0,0.0005668434000000001,0.08454545454545455,0.08454545454545455,62.13066521388914,0.006788508632044732,0.005009908890281267,2.5280799093517694,0.2561680982000503,99.90929790714871,0.9595183889852622,0.13748143411128205,0.026500210915191152,0.0016534651556391975,0.8343648821425919,0.6629719682934428,0.1573600807239915,0.009698210928945145,0.16996977258674417
94,63.03453753544734,0.009866469134487068,0.0054263470659722,0.11397296075637524,0.06750051845581485,0.9917264330316803,64.38230895996094,0.9999593589886586,4.3691792488098145,0.9762243940161185,109.63599395751953,0.9999595339361645,5.176563739776611,0.9478273676037129,118.5663070678711,0.9924765893904259,34.70805358886719,0.8172230023719758,173.06890869140625,0.9951021612753376,27.843141555786133,0.0005705023,1.0,0.0007524578666666666,0.08545454545454545,0.08545454545454545,59.7452249489043,0.008246274882084383,0.006589706065544419,2.556993811943271,0.27227190609313046,99.92605579959236,0.9650623550767593,0.1651134895026428,0.03028691061230441,0.0020682278410228063,0.8025313630961162,0.702673619778052,0.14616879040633676,0.006869666079747192,0.1442878925725611
95,59.99588650923509,0.011429338762984397,0.00929628120558426,0.1158385700904406,0.07851692084939434,0.9990173954595218,23.040828704833984,0.9998533684992075,6.686521053314209,0.9815826443555674,96.70172119140625,0.9966629265461783,35.713993072509766,0.8625758005003223,191.4555206298828,0.9780961827164684,58.72784423828125,0.7239643059875305,212.49981689453125,0.9998741436351298,4.924123764038086,0.0005705023,1.0,0.0009380723333333332,0.08636363636363636,0.08636363636363636,56.99462429341003,0.008626653707246152,0.00801798219241679,2.5620027203216567,0.2840480662663019,99.8657273867952,0.9427033459624907,0.18822546796798476,0.03037040111076995,0.0024378342283337203,0.7789663003481477,0.7167942991049444,0.14556529521715905,0.010225320107918868,0.12741508500268178
96,57.32739129433265,0.012452019432273049,0.011156439818128442,0.11331618634554055,0.0877331173262344,0.996801908686437,40.504940032958984,0.9970163180961394,28.725339889526367,0.9800146107717875,100.57583618164062,0.9906352640528236,58.95744323730469,0.8687521210510849,187.14895629882812,0.9914793843662743,37.31279373168945,0.8849130355517045,137.07008361816406,0.9975027133216368,19.893856048583984,0.0005705023,1.0,0.0011236868,0.08727272727272728,0.08727272727272728,55.25216725788708,0.009765643791674192,0.00938105579995748,2.533740841735424,0.2937969544764635,99.83011686535242,0.963389419487236,0.2113232627945901,0.033239431664893355,0.002786653543835539,0.752650666017237,0.7342499028769142,0.14193066212352154,0.011097895062381102,0.11272154606961311
97,55.44565116442167,0.013630047521124093,0.010903560063944986,0.11345877441076133,0.09719160385429859,0.9973443575912935,36.70588684082031,0.9997813359990961,8.158283233642578,0.9792120809181917,102.48302459716797,0.99731384985265,32.379146575927734,0.8879497765716735,172.72128295898438,0.9714055678002488,67.18045806884766,0.767709676926392,194.84088134765625,0.9998014329582783,6.211756229400635,0.0005705023,1.0,0.0013093012666666667,0.08818181818181818,0.08818181818181818,53.40095367370945,0.010650840153000425,0.010309169088566621,2.554387330392475,0.3067283693496538,99.81964318257515,0.950064759827228,0.2279474064770745,0.03472401387450093,0.0029637991298330103,0.7343648049647331,0.7469272902375785,0.14023894020266509,0.009892786135464165,0.10294100127435214
98,53.80250131166898,0.015066850670756629,0.013261621873915339,0.11367430480626914,0.10680589101348932,0.9924456645560776,61.105716705322266,0.9996630167539753,10.496858596801758,0.9710787735831109,121.31597900390625,0.9900962194522384,60.62350845336914,0.922277941149226,144.02174377441406,0.9999805141519954,2.215243101119995,0.8430423954482303,160.27757263183594,0.9908024067465604,38.061092376708984,0.0005705023,1.0,0.0014949157333333332,0.0890909090909091,0.0890909090909091,51.92660857498788,0.011671878473778376,0.011699198384183202,2.562341857117704,0.3186214304482453,99.80120950088713,0.9636733664801768,0.24363051797295843,0.03663243384902911,0.003271255854370659,0.7164658231907128,0.7530502759753498,0.14106759962195084,0.011062029795882547,0.09482011768609801
99,52.72950000029344,0.015350357526375983,0.012694917547588166,0.11240571049543527,0.1152229284724364,0.9982585523363441,30.586618423461914,0.9944158218764888,39.71914291381836,0.9910082667431471,68.60091400146484,0.9966673785921251,36.09381103515625,0.9228918389981993,143.8079833984375,0.9871241938077474,45.352783203125,0.8461565359284151,158.51507568359375,0.9976653576085702,19.303546905517578,0.0005705023,1.0,0.0016805301999999998,0.09,0.09,50.674374883100924,0.012681228865913058,0.012950341465239107,2.56343873348991,0.32971606929338254,99.79785792239839,0.9667734932363796,0.25828227765689227,0.03846105800390716,0.0035349527682086556,0.6997216923898415,0.76906149111278,0.13322311565833958,0.009915930747726601,0.08779948642781843
100,51.26971244812012,0.018152665158805367,0.02099209325388074,0.11615508336287278,0.12629729258612946,0.9948970701618732,50.87632369995117,0.9968218354621246,29.98276138305664,0.9869991732383862,81.81966400146484,0.9911260300138917,57.78610610961914,0.9045688920590206,160.05435180664062,0.9989725529765626,13.411645889282227,0.7731583037051358,192.5175323486328,0.9990161198675669,13.031822204589844,0.0005705023,1.0,0.0018661446666666665,0.09090909090909091,0.09090909090909091,49.55209746622527,0.013698708737978835,0.014009301503823866,2.5785177679126376,0.3418543794108651,99.69877688332527,0.9556949971855702,0.270499335325479,0.040071766117451856,0.003725483541204884,0.685703388026937,0.7575514762626084,0.14372964603675895,0.015110158538732954,0.08360870464255805
101,50.271821132073036,0.017898022967319075,0.018370989799642794,0.11509326100349426,0.1332981324253174,0.9988586978131168,25.871652603149414,0.9898031038384771,53.57647705078125,0.9896154486900387,73.71562194824219,0.9998037486198961,10.323630332946777,0.9406705960160552,126.65477752685547,0.9952571841059028,27.971174240112305,0.9108250850639572,120.62081909179688,0.986654239688783,45.86203384399414,0.0005705023,1.0,0.0020517591333333333,0.09181818181818181,0.09181818181818181,48.55042900807723,0.014769889981846727,0.015228447803854054,2.5721150124319605,0.35194884953085354,99.7241231956463,0.9764360129795284,0.28303483951534114,0.041966012963346615,0.003972873873936007,0.6710262703900363,0.7737967988022614,0.13427062061313388,0.012654272426124344,0.0792783347567679
102,49.78637119439932,0.020232061927135173,0.019247882959182158,0.11574975916972527,0.14414073426563007,0.9998571236994438,10.155769348144531,0.9998897371290536,6.101727485656738,0.9773258910071578,106.68944549560547,0.9882568653109378,66.154296875,0.8859590155306675,174.82533264160156,0.9816499932115877,53.82484436035156,0.8712108208971308,145.0561981201172,0.9846601361125762,49.063690185546875,0.0005705023,1.0,0.0022373736,0.09272727272727273,0.09272727272727273,47.56033571921556,0.01586620913271688,0.01620366907228072,2.572092835758068,0.3622821219022443,99.7075747768582,0.9611011978623194,0.2937220279780268,0.04379517556485469,0.00414738114417161,0.6583354227056193,0.7727913494937032,0.1403632500570621,0.012382368534973464,0.07446305543905185
103,48.43812590378981,0.019979549903207675,0.020957261239975475,0.11207692439739521,0.14980139389920694,0.9986912068704731,26.67139434814453,0.998852214373386,18.148096084594727,0.9841018165708562,90.20777130126953,0.9954431590015771,42.14116668701172,0.9296548435442663,137.4829864501953,0.9967522243226219,23.114681243896484,0.9060609705424114,123.88911437988281,0.9993379645175896,10.716822624206543,0.0005705023,1.0,0.0024229880666666666,0.09363636363636364,0.09363636363636364,46.6251670637108,0.016766576091970065,0.017671572279730367,2.564685435999739,0.3715413258890358,99.68704635861471,0.9761117999678977,0.30406368156055713,0.04512708257109885,0.004453614316124037,0.6463556039789762,0.7834706872991359,0.13337359141431493,0.013099756171888343,0.07005592788529649
104,47.763734560746414,0.020474373013712466,0.02036840939679398,0.11472976551606105,0.1578438957580007,0.999863993798887,10.085338592529297,0.9979372490921872,24.133651733398438,0.991172221574443,67.78640747070312,0.9964399419541563,37.09260940551758,0.9166208496310905,149.19293212890625,0.9952465994450643,27.90985107421875,0.8587788992731438,152.05789184570312,0.9990542823183436,12.915359497070312,0.0005705023,1.0,0.0026086025333333335,0.09454545454545454,0.09454545454545454,45.82090441537643,0.01771091816053328,0.018998956119577942,2.581547818870514,0.38310932424349164,99.69207372634781,0.9693892546359144,0.3119958710835425,0.04622941035305318,0.004688648457621446,0.63708606531021,0.7893659642540121,0.1297127957681865,0.0122002850698785,0.0687209206191909
105,46.79879122513991,0.02268536193654514,0.023399212003613893,0.11603795565091647,0.16676125596635616,0.9912062992638092,65.82675170898438,0.9998113646809534,7.581297874450684,0.9739684863151696,114.52803039550781,0.9966976383510036,36.124637603759766,0.9112141731148502,154.04051208496094,0.9505631609232776,88.11112213134766,0.692481937116264,224.06507873535156,0.9983671180573718,16.820985794067383,0.0005705023,1.0,0.002794217,0.09545454545454546,0.09545454545454546,45.046637478193404,0.01879162005946787,0.020118508190464884,2.581945232294245,0.39304051183715355,99.65751057318276,0.9392887722278374,0.3202470901690567,0.04781089860592718,0.00488601809917255,0.6270559932490922,0.7841508344547284,0.13603496690575345,0.013393765433441722,0.06642040591471422
106,47.01469542429997,0.021757051724797256,0.021637969972709052,0.11474457039282872,0.1662686334636349,0.9966655481100678,41.60584259033203,0.9989461149416634,17.807828903198242,0.983723284518403,91.03216552734375,0.9881472845935193,65.74872589111328,0.8884989893840418,172.75962829589844,0.999554516827112,8.814838409423828,0.8417373275385465,161.07704162597656,0.9985458691626882,15.340255737304688,0.0005705023,1.0,0.002794217,0.09636363636363636,0.09636363636363636,44.7334557884538,0.018748580189918183,0.019630266994374226,2.550866362326849,0.3914459633300868,99.6751063602486,0.9619773668845052,0.3193160597940411,0.047895704506495176,0.0048324522094300975,0.6279557884831639,0.79010248937382,0.1308548177221641,0.012540630344168064,0.06650204446682106
107,46.80936534588154,0.02250835528740516,0.021978760706798103,0.11432572282277621,0.16656259146447366,0.9980431412056502,32.35130310058594,0.9999863697280278,2.3803255558013916,0.982011613282111,96.01024627685547,0.9949003266066337,44.18463897705078,0.8388240440730796,207.4303436279297,0.9915760507163046,37.03617858886719,0.8572663360435161,152.77920532226562,0.9978875887619068,18.527524948120117,0.0005705023,1.0,0.002794217,0.09727272727272727,0.09727272727272727,44.58464578341755,0.01870262496286,0.019657713193639036,2.5800666720884227,0.39616407648428337,99.66421373016023,0.9575619338021537,0.31446358360548105,0.04720929047589193,0.004826685426047714,0.6335004525567243,0.7852635052005096,0.13513451663728462,0.012835619194126846,0.06676634146130757
108,45.85558231060322,0.02320372407288792,0.023223502843533285,0.11747324466705322,0.1651480392051431,0.9999917797490098,3.427255392074585,0.998592779109613,20.363765716552734,0.9849010073119557,87.96350860595703,0.9939918560874533,47.3223876953125,0.8561674837147732,195.87478637695312,0.9856549719319008,47.81943130493164,0.7030029659626377,220.24856567382812,0.9989852052202938,12.810696601867676,0.0005705023,1.0,0.002794217,0.09818181818181818,0.09818181818181818,44.40476006786313,0.018718260449306207,0.019019515871891993,2.571357795854552,0.39712276243935907,99.65876741511603,0.9401610061359547,0.3124387398506045,0.04713469541339751,0.004702250351427422,0.6357242834488573,0.7758520673565255,0.14050257081202633,0.01380655649744895,0.06983877498419414
109,45.897186462695785,0.02275763518320253,0.015825280400279623,0.11460661315000974,0.16392895256957182,0.9999929666188206,3.12501859664917,0.9998410578780395,6.916391372680664,0.9860147047448667,84.4377212524414,0.9917477111757359,55.97932434082031,0.8771200495721061,181.4275665283203,0.9928433817232581,34.310455322265625,0.8617575703657172,150.3444366455078,0.9920579605089037,35.49406433105469,0.0005705023,1.0,0.002794217,0.09909090909090909,0.09909090909090909,44.310176433602685,0.018752540239446346,0.019283087125793397,2.5716043565134825,0.3992981895413205,99.74758424506743,0.9626719253234309,0.310074654748615,0.046963749725456194,0.004785342592133993,0.638176230655545,0.7823309833679699,0.1388262099310623,0.00956598207273197,0.06927680136335214
110,45.91580478961651,0.0226950300230573,0.021413889480754733,0.11274270369456364,0.16440941515163734,0.9994135515026805,19.016265869140625,0.9999547196329642,4.1763529777526855,0.9850288849647374,87.3597412109375,0.9978343970611666,29.332448959350586,0.8992581633832228,164.28204345703125,0.9928902255371697,33.66625213623047,0.8858254071724224,136.4375,0.9998862514236095,4.352298259735107,0.0005705023,1.0,0.002794217,0.1,0.1,44.14665928053875,0.018632312601635212,0.01906898810862369,2.577370317639485,0.4016315967745504,99.65436846834957,0.9700114500847467,0.3071355611598774,0.046391550742692605,0.004747880461040461,0.6417249883569921,0.7803611623671064,0.13803972237310938,0.01302473429578493,0.06857435968042298
111,45.96750391446627,0.02287788866445995,0.022313550508652743,0.1134879864179171,0.1649012272604383,0.9999962870292486,2.01682448387146,0.9972185566148201,28.002779006958008,0.9901291849657394,71.34142303466797,0.9993055542904203,16.87785530090332,0.9527930549468715,113.11997985839844,0.9966219654947971,23.75861358642578,0.8987496845921149,128.5736541748047,0.9898502007698035,40.683265686035156,0.0005705023,1.0,0.002794217,0.1,0.1,44.044668241635904,0.01868875728669675,0.018611466224240873,2.5685936358350556,0.40047963595428254,99.68264741184825,0.9780830610879769,0.30730741268998873,0.046665936564200726,0.004647294032789596,0.6413793374822879,0.7789097935730354,0.1387369217593969,0.013531464185776877,0.06882179611597358
112,45.644723672133225,0.022688207144920643,0.020889154389106598,0.11595186935021327,0.16391357550254235,0.9969274581837622,40.03046417236328,0.9998201240502402,7.87694787979126,0.9785030613065951,104.40863800048828,0.9877757894601333,67.531005859375,0.906522986153143,158.24191284179688,0.9999970088521067,1.173202633857727,0.8387545200409621,162.43106079101562,0.9991615176844487,11.609537124633789,0.0005705023,1.0,0.002794217,0.1,0.1,43.92559590791082,0.018637141082421028,0.0190456668318782,2.5622262290857476,0.39950198478042465,99.68620846399251,0.9634328082164239,0.30722662589141886,0.046650934895015414,0.004767352242904659,0.6413550687348913,0.7781006695384963,0.13841566859462925,0.012744005080154329,0.07073963763813744
113,45.38029369941125,0.02272565923452091,0.019283768255263567,0.11398316232057717,0.16285474505275488,0.9953659428881818,48.512271881103516,0.9974519767130724,27.101049423217773,0.9800135210493601,100.00102233886719,0.9963562484017475,37.27414321899414,0.8676189196412509,188.07225036621094,0.9771529716502264,60.483299255371094,0.8283137916085097,167.6663055419922,0.9954328908404494,27.085756301879883,0.0005705023,1.0,0.002794217,0.1,0.1,43.805715474422335,0.018563037051381386,0.018636894454200092,2.559417384929285,0.3987711472296013,99.70652740858046,0.9547132828490998,0.3069496770921541,0.046550602219707006,0.004673581472400131,0.6418261207488124,0.7786226190634583,0.13954557619527266,0.011841084672735092,0.06999069157220668
114,45.29061640225924,0.023090028821920548,0.01936361392458471,0.11590792697209579,0.1631689965008543,0.9966612348564768,41.784053802490234,0.996176465563981,33.054534912109375,0.9710528800339789,121.20679473876953,0.9877392663894277,67.48253631591797,0.8555246714522474,196.18014526367188,0.9908903462887962,38.06337356567383,0.8555963733119599,153.63925170898438,0.998589097108139,15.193626403808594,0.0005705023,1.0,0.002794217,0.1,0.1,43.743666919717356,0.018473824193477394,0.019118113587732674,2.553456013626586,0.3979605423640712,99.69835793601418,0.9565287918756259,0.3071392380342856,0.04642124589471676,0.004804022397336722,0.6416354743256371,0.7755873542496721,0.14150990272100897,0.011867213955981722,0.07103550886365163
115,45.32643087093647,0.022239920978720944,0.02057253806672704,0.1158994000691634,0.16253900313033506,0.9966802706905686,41.15340042114258,0.9999992470924187,0.7531335353851318,0.9872302998571107,80.98379516601562,0.9980273002599017,27.831336975097656,0.8362435289937055,209.21145629882812,0.9639725571072398,75.21951293945312,0.8359424522095094,163.76943969726562,0.9999950184275956,1.2156038284301758,0.0005705023,1.0,0.002794217,0.1,0.1,43.65272008794209,0.01850943788352616,0.018908421919060992,2.5860572082947053,0.40098118163236285,99.69814846235863,0.9522613343297563,0.3041917629885222,0.04616036545200374,0.004715538480406061,0.644932312725268,0.7792091821022011,0.13682821077035542,0.012656985505337786,0.07130559301894279
116,45.762640989743744,0.023235409036995128,0.0305057231318922,0.11514794711883251,0.16567152889015582,0.9999565218381083,6.454937934875488,0.9876524731148509,58.232059478759766,0.9942203202394752,55.15608215332031,0.9966213191970472,35.83010482788086,0.8931941495972662,169.03224182128906,0.9918659878025755,36.335018157958984,0.9000142205306104,127.80158996582031,0.9924731958699602,34.455692291259766,0.0005705023,1.0,0.002794217,0.1,0.1,43.586948904615596,0.018534516433347237,0.019233959925552872,2.5735443670927958,0.3996037505003983,99.56178111259837,0.9694997735237367,0.3047804067276563,0.046382238430289116,0.00481325810918126,0.6440240773191218,0.771832977428609,0.14024986183595106,0.01841337696117854,0.06950376319348049
117,45.959945972149185,0.024027677620044693,0.02995342446061281,0.11596986422171959,0.16704207350714848,0.9953456234713322,48.536773681640625,0.9999263366159655,5.011115074157715,0.9944236186012813,54.46504211425781,0.9927559126831051,52.33740234375,0.8966663437450542,166.61431884765625,0.99513258663211,28.625822067260742,0.8609912193856357,150.69558715820312,0.9892779166763817,41.22819137573242,0.0005705023,1.0,0.002794217,0.1,0.1,43.555934584320966,0.018687568611614316,0.018620516176505182,2.572451021145902,0.39949946399472874,99.57665374214211,0.9655649447263582,0.30464304419693394,0.046777456031482666,0.004660961491740794,0.6439185162911369,0.768800695885549,0.1438420699382449,0.017931664658922576,0.06942554159372114
118,45.15521676723774,0.02224659334975653,0.01873943719189041,0.11286033689975739,0.16158004893133274,0.9991738842611647,21.657896041870117,0.999551025765125,11.642443656921387,0.9878599684553192,78.66438293457031,0.9981808038787867,26.956497192382812,0.9171502801978081,148.99899291992188,0.9928325262485242,33.779083251953125,0.8491751482757544,157.31539916992188,0.9927118348089308,34.415958404541016,0.0005705023,1.0,0.002794217,0.1,0.1,43.45521789708589,0.018403650051043587,0.018624380213492265,2.557045355000568,0.39739394056341815,99.71134530265802,0.9670794339864266,0.3055489683979323,0.04631084717837221,0.004686629138604113,0.6434535341367396,0.7808728562975069,0.13768156091604322,0.011597618218233229,0.06984794078613013
119,45.14827911670391,0.022267066372128632,0.020031935311495684,0.11341981131296891,0.16176633400699267,0.998844981793047,25.156360626220703,0.9958964467098018,33.743812561035156,0.9879925022381442,78.41291046142578,0.9988102251548804,22.117570877075195,0.9072455087546056,157.49624633789062,0.9948602054600393,29.12282943725586,0.7688704662075526,194.3751678466797,0.9988830111095675,13.837230682373047,0.0005705023,1.0,0.002794217,0.1,0.1,43.39600794146529,0.01855308380549923,0.01870224908751479,2.567446771223771,0.3984258569771085,99.68725583227025,0.9564254184284549,0.3043423537874054,0.04656596322905116,0.004694034977902884,0.6443976278806833,0.7798537922185083,0.13764957034364206,0.012383253557955864,0.07011335950041751
